Dishes,Meat,Vegetarian,Staple,Tool,Tutorial
ÍÁ¶¹ÉÕÅ£ëî,Å£Èâ,ÍÁ¶¹,,¹ø,https://www.bilibili.com/video/BV1qs411u7gj
µç·¹ìÒ°æìË¼¦ÍÈÍÁ¶¹,¼¦Èâ,ÍÁ¶¹,,µç·¹ìÒ,https://www.bilibili.com/video/BV1tR4y1g7kv
µç·¹ìÒ°æÃÛÖ­¼¦³á,¼¦Èâ,,,µç·¹ìÒ,https://www.bilibili.com/video/BV1dj411f7sR
¿¾Ïä°æ±¬½¬¼¦ÍÈ,¼¦Èâ,,,¿¾Ïä,https://www.bilibili.com/video/BV1ju411X7mx
ËâÏã¼¦³á,¼¦Èâ,,,¹ø,https://www.bilibili.com/video/BV1sy4y1273W
×ÎÈ»ÍÁ¶¹Å£Èâ,Å£Èâ,ÍÁ¶¹,,¹ø,https://www.bilibili.com/video/BV1qX4y1T7ax
¿ÕÆøÕ¨¹ø¿¾Îå»¨Èâ,ÖíÈâ,,,¿ÕÆøÕ¨¹ø,https://www.bilibili.com/video/BV1Jq4y147oM
¿ÕÆøÕ¨¹øÕ¨ÊíÌõ,,ÍÁ¶¹,,¿ÕÆøÕ¨¹ø,https://www.bilibili.com/video/BV1tq4y1j72x
ÍÁ¶¹ÉÕÖíÈâ,ÖíÈâ,ÍÁ¶¹,,¹ø,https://www.bilibili.com/video/BV1fY41187Xo
¿ÕÆøÕ¨¹ø¿¾ÖíÌã,ÖíÈâ,,,¿ÕÆøÕ¨¹ø,https://www.bilibili.com/video/BV11q4y1Y7hW
ºúÂÜ²·³´Èâ,ÖíÈâ,ºúÂÜ²·,,¹ø,https://www.bilibili.com/video/BV1Ff4y1x7FX
ÈÕÊ½³´ºúÂÜ²·Ë¿,,ºúÂÜ²·,,¹ø,https://www.bilibili.com/video/BV1mY411774Z
°ü²ËÉÕÈâ,ÖíÈâ,°ü²Ë,,¹ø,https://www.bilibili.com/video/BV1Wp4y1a7YR
³´°ü²Ë,,°ü²Ë,,,https://www.bilibili.com/video/BV1K5411L7Xn
¿ÕÆøÕ¨¹ø¿¾°ü²Ë,,°ü²Ë,,¿ÕÆøÕ¨¹ø,https://www.bilibili.com/video/BV1NB4y1N7SH
µç·¹ìÒ°æÏãÂ±Å£Èâ,Å£Èâ,,Ã×,µç·¹ìÒ,https://www.bilibili.com/video/BV1dR4y1F7H2
µç·¹ìÒ°æºìÉÕÈâ,ÖíÈâ,,Ã×,µç·¹ìÒ,https://www.bilibili.com/video/BV1SW411t7AX
´×Â±Ãæ,ÖíÈâ,,ÃæÊ³,¹ø,https://www.bilibili.com/video/BV1XC4y1p7Yn
ÕıÈ·Öó·½±ãÃæ,,,·½±ãÃæ,¹ø,https://www.bilibili.com/video/BV1s34y1X74a
Ñô´ºÃæ,,,ÃæÊ³,¹ø,https://www.bilibili.com/video/BV11E411C7e7